{
    "bounds": [
        [
            -1,
            1
        ],
        [
            -1,
            1
        ],
        [
            -1,
            1
        ]
    ],
    "balls": [
        [
            0.0,
            0.0,
            0.0,
            0.3
        ]
    ],
    "dt": 0.016877637130801686,
    "dim": 3,
    "sequence_length": 237,
    "default_connectivity_radius": 0.0625,
    "cloth_width": 32,
    "radius_in_quad": 2,
    "quad_size": 0.03125,
    "neighbour_search_size": 1.5,
    "vel_mean": [
        0,
        0,
        0
    ],
    "vel_std": [
        0.11702306106060888,
        0.35154315465781155,
        0.11461894271879793
    ],
    "acc_mean": [
        0,
        0,
        0
    ],
    "acc_std": [
        2.4596298498840645,
        3.269564375105036,
        2.450246838139132
    ]
}