{
    "bounds": [
        [
            -1,
            1
        ],
        [
            -1,
            1
        ],
        [
            -1,
            1
        ]
    ],
    "balls": [
        [
            0.0,
            0.0,
            0.0,
            0.3
        ]
    ],
    "dt": 0.016877637130801686,
    "dim": 3,
    "sequence_length": 237,
    "default_connectivity_radius": 0.0625,
    "cloth_width": 32,
    "radius_in_quad": 2,
    "quad_size": 0.03125,
    "neighbour_search_size": 1.5,
    "vel_mean": [
        -0.006680453661811267,
        -0.786628624382613,
        -0.0027808321333274797
    ],
    "vel_std": [
        0.158691523840514,
        0.5946220267291771,
        0.15679735628168703
    ],
    "acc_mean": [
        -0.0005784785085710341,
        -0.4145839770893586,
        -0.00013614985413462133
    ],
    "acc_std": [
        3.2589042074393832,
        3.7905511921355064,
        3.256604358921296
    ]
}